condition,replicate,HAnegIFNneg,HAposIFNpos,HAposIFNneg,HAnegIFNpos,IFNpercent
Uninfected,1,99.82594280978036,0.0,0.12432656444260257,0.04973062577704102,0.04973062577704102
Sendai,1,0.7492225049476958,0.02120441051738762,0.07774950523042126,99.1518235793045,99.17302798982189
Influenza,1,45.26069181555125,0.2336138469298362,54.43667206456237,0.06902227295654252,0.4273141122913505
Uninfected,2,99.92859409711203,0.0,0.007933989209774674,0.06347191367819739,0.06347191367819739
Sendai,2,0.5985665905331968,0.01575175238245255,0.007875876191226275,99.37780578089313,99.39355753327558
Influenza,2,42.99485097081607,0.31827036518780694,56.60090908259481,0.08596958140130417,0.55916189986503
Uninfected,3,99.9356551113971,0.0,0.024129333226091853,0.040215555376819756,0.040215555376819756
Sendai,3,0.5159402433389804,0.05390420452795317,0.0077006006468504536,99.4224549514862,99.47635915601415
Influenza,3,44.96330844164233,0.2758326658225886,54.67946564688251,0.08139324565256711,0.5019218788569816
